{"current":{"checkout_header_image":"","checkout_logo_image":"","checkout_logo_position":"center","checkout_logo_size":"medium","checkout_body_background_image":"","checkout_body_background_color":"#ffffff","checkout_input_background_color_mode":"white","checkout_sidebar_background_image":"","checkout_sidebar_background_color":"#f7f7f7","checkout_heading_font":"-apple-system, BlinkMacSystemFont, 'Segoe UI', Roboto, Helvetica, Arial, sans-serif, 'Apple Color Emoji', 'Segoe UI Emoji', 'Segoe UI Symbol'","checkout_body_font":"Lato","checkout_accent_color":"#bdbdbd","checkout_button_color":"#1a1a1a","checkout_error_color":"#1982d0","ano_color_bg":"#000000","color_topheader-text":"#ffffff","tophead_text_color_hover":"#4a4a4a","color_header":"#ffffff","head_text_color":"#0f0f0f","color_body_bg":"#ffffff","color_body_text":"#000000","color_text":"#3d4246","megamenu_color_text":"#313b5e","color_product_title":"#494343","color_price_text":"#3a4247","color_sale_text":"#d53939","color_borders":"#b9b9b9","color_button":"#000000","color_button_text":"#ffffff","sp_button":"#000000","sp_button_txt":"#ffffff","color_small_button":"#ffffff","color_small_button_text":"#3d4246","color_stock_left":"#ff8e3b","progressBar_bg_color":"#ff8e3b","color_text_field":"#ffffff","color_text_field_text":"#000000","color_image_overlay_text":"#ffffff","color_image_overlay":"#5c5c5c","image_overlay_opacity":25,"color_overlay_button":"#ffffff","color_overlay_button_text":"#3d4246","background_color":"#ffffff","custom_text_color":"#000000","discount_bg_color":"#ffffff","discount_normal_text_color":"#000000","discount_bold_text_color":"#d53939","discount_btn_color":"#313b5e","discount_btn_txt_color":"#ffffff","hover_color":"#000","hover_opacity":50,"sale_button_option_one_color":"#313b5e","sale_button_option__text_one_color":"#ffffff","free_button_option_one_color":"#ff8e00","free_button_option__text_one_color":"#ffffff","soldout_button_option_one_color":"#e80b0b","soldout_button_option__text_one_color":"#ffffff","dynamicaddtocart_button":"#d53939","dynamicaddtocart_button_txt":"#ffffff","dynamiccheckout_button":"#d53939","dynamiccheckout_button_txt":"#ffffff","related_popup_heading_font_color":"#0dbd21","delivery_text_color":"#000000","badges_color":"#000000","logo_icon":"fa-flag","icon_side":"left","logo_font_style":"Google_Poppins_400_sans","logo_font_weight":"bold","logo_font_trans":"uppercase","icon_logo_size":14,"icon_logo_space":3,"menu_font_style":"Google_Poppins_400_sans","menu_font_weight":"bold","menu_font_trans":"uppercase","menu_font_size":11,"menu_font_space":2,"strip_font_style":"Google_Poppins_400_sans","strip_main_space":2,"strip_font_weight":"bold","strip_font_trans":"uppercase","type_header_family":"Poppins","heading_weight":"600","heading_trans":"uppercase","type_header_base_size_1":26,"heading_font_space":1,"subhead_font":"Poppins","subhead_weight":"normal","sub_font_size":16,"subhead_space":0,"subhead_font_trans":"none","type_title_family":"Poppins","title_weight":"600","title_trans":"uppercase","type_title_base_size":26,"title_font_space":0,"title_position":"center","type_base_family":"Poppins","type_base_size_1":18,"imgsldover_title":"Poppins","imgsldover_weight":"600","imgsldover_trans":"uppercase","imgsldover_title_size":50,"mobile_imgsldover_title_size":20,"imgsldover_title_space":2,"imgsldover_sub_title":"Poppins","imgsldover_sub_weight":"400","imgsldover_sub_trans":"uppercase","imgsldover_sub_size":22,"mobile_imgsldover_sub_size":16,"imgsldover_sub_space":0,"timer_font_family":"Poppins","timer_sub_font_family":"Poppins","product_price_size":18,"type_bold_product_price":true,"productpage_price_size":18,"type_bold_productpage_price":true,"delivery_font_family":"Poppins","delivery_font_size":12,"favicon":"","show_multiple_currencies":false,"select_dropdown":"auto_currency","currency_format":"money_format","supported_currencies":"INR GBP CAD USD AUD EUR JPY","discount_popup_enable":false,"discount_popup_disable_mobile":false,"discount_image_desktop":false,"discount_image_enable":true,"discount_popup_time":"exit_popup","expire_time":2,"discount_icon":"","discount_popup_title":"20% OFF","discount_popup_description1":"Sign up to our newsletter for 10% off additional your first order!","discount_popup_link_text":"CLOSE THIS PAGE","discount_popup_submit_text":"<span>Thank you !<\/span>","popup_enable":false,"popup_ago_custom_time":true,"popup_disable_mobile":true,"popup_disable_close":false,"salepopup_position":"top","notification_popup_time":"30000","popup_randomly_collection":"","buttom_message":"Someone purchased a","mailchimp_link":"","klaviyo_link":"","sale_button_option":"sale_button_option_three","search_result":"only_product","search_free_page":false,"enable_collection_url":false,"show_saved_amount":true,"show_discount_amount":"percent_save","show_free_badges":true,"show_second_image":true,"mobile_grid_1":"on_mobile_set_row_two","show_view_all":true,"btn_text":"View All","full_btn":false,"transparent_btn":true,"disable_delivery_use_tag":false,"disable_timer_regular_price":true,"disable_timer_use_tag":false,"enable_timer_stg":"enable_timer_custom_time_revise","enable_timer_reset_every_day":"23:59:59","enable_timer_stg_custom":1500,"enable_inventory_stock_number":"enable_stock_number_random","share_image":"","social_title":"Follow Us","share_facebook":true,"share_twitter":true,"share_pinterest":true,"social_twitter_link":"","social_facebook_link":"#","social_pinterest_link":"","social_instagram_link":"#","social_tumblr_link":"","social_snapchat_link":"","social_youtube_link":"","social_vimeo_link":"","heading_font_size":14,"head_color_text":"#ffffff","fetured_prd_title":24,"strip_font_size":14,"timer_top_message_value_after":"LEFT","timer_top_message_value_num":130,"type_title_base_size_1":"26","timer_top_message_value_before":"Only","default_currency":"CAD","newsletter_header":"#000000","enable_related_upsell":"true","hide_content":"false","heading_font_style":"Poppins","info_subfont_size":17,"mega_menu_5":"false","mega_menu_4":"false","mlvedaACS_positionTop":false,"mega_menu_3":"false","cap_font_weight":"bold","related_popup_heading_font_size":"30","type_base_size":"16px","info_main_space":1,"hide_right_click":"false","product_title_size":17,"dil_font_size":14,"imgsldover_font_space":0,"mlvedaACS_positionLeft":"0px","mlvedaACS_defaultCurrency":"GBP","dil_font_family":"Montserrat","mega_menu_2":"false","mega_menu_1":"false","mlvedaACS_position":"bottom_with_left","tim_lbl_family":"Poppins","mlvedaACS_enable":true,"mlvedaACS_supportedCurrencies":"USD CAD AUD GBP EUR INR JPY NZD AED AFN ALL AMD AOA ARS AWG AZN BAM BBD BDT BGN BHD BIF BMD BND BOB BRL BWP BYR BZD CDF CHF CLP CNY COP CRC CVE CZK DJF DKK DOP DZD EGP ERN ETB GEL GHS GNF GTQ GYD HKD HNL HRK HTG HUF IDR ILS IQD IRR ISK JMD JOD KES KHR KMF KRW KWD KZT LBP LKR LRD LYD MAD MDL MGA MKD MMK MOP MUR MXN MYR MZN NAD NGN NIO NOK NPR OMR PAB PEN PHP PKR PLN PYG QAR RON RSD RUB RWF SAR SDG SEK SGD SRD SOS STD SYP THB TND TOP TRY TTD TWD TZS UAH UGX UYU UZS VEF VND XAF XAG XAU XCD XDR XPF XOF YER ZAR ZMW","select_menu_view":"show_both_collection_product","newsletter_subheading":"#000000","mlvedaACS_currencyFormat":"money_with_currency_format","mlvedaACS_displayFlag":true,"SO_sub_heading_font_style":"Poppins","type_header_base_size":"26px","menu_logo_size":10,"disable_visitor_use_tag":true,"heading_font_weight":"lighter","r_view_cart_color":"#6c756c","type_bold_product_titles":true,"discount_border_color":"#000000","info_font_space":0,"related_popup_text_font_color":"#000000","text_font_style":"Poppins","menu_logo_space":0,"product_family":"Google_Work+Sans_400_sans","heading_font_trans":"none","mlvedaACS_roundDecimal":true,"related_popup_text_font_family":"Ek Mukta","tim_font_family":"Poppins","related_popup_text_font_size":"20","timer_cookies_set_type":"timer_cookies_set_diff","SO_heading_font_style":"Poppins","r_continue_shoping_color":"#ffffff","menu_mega":"","mlvedaACS_positionRight":false,"related_popup_heading_font_family":"Arial","enable_timer_top_message":false,"secondary_newsletter_banner":true,"text_font_size":14,"r_checkout_color":"#002500","mlvedaACS_positionBottom":"0px","on_related_upsell":true,"enable_timer_stg_on":"enable_timer_stg_on","mlvedaACS_hideDecimal":false,"sections":{"1522671853847":{"type":"image-bar","disabled":true,"blocks":{"1522671853847-0":{"type":"image","settings":{"alignment":"center","link":"shopify:\/\/collections\/cycling","cta_label":"Top 10 Products"}},"1522671853847-1":{"type":"image","settings":{"alignment":"center","link":"shopify:\/\/collections\/cycling","cta_label":"Wearable Tech"}},"1522671853847-2":{"type":"image","settings":{"alignment":"center","link":"shopify:\/\/collections\/cycling","cta_label":"Accessories"}}},"block_order":["1522671853847-0","1522671853847-1","1522671853847-2"],"settings":{"section_height":"medium"}},"footer":{"type":"footer","blocks":{"40b87378-8791-4167-9b7b-716725e1d02b":{"type":"logo","settings":{"desktop_logo_size":"50%","social_icons_footer":false}},"1520514625558":{"type":"text","settings":{"desktop_logo_size":"70%","title":"Welcome","content":"<p>Welcome to the 1-Page Store. Please visit the customiser to update this text.<\/p>"}},"1520514274895":{"type":"link_list","settings":{"menu":"footer","social_icons_footer":false}},"1571483036797":{"type":"text","settings":{"logo":"shopify:\/\/shop_images\/Picture1.jpg","desktop_logo_size":"30%","title":"Contact Information","content":"<p>Ecom Conversion Mastery<\/p><p>Unit 1, Big Fancy Office<\/p><p>Nice Road<\/p><p>Nice Area<\/p><p>PO23 456<\/p><p>01221 888777<br\/><\/p><p><\/p>"}}},"block_order":["40b87378-8791-4167-9b7b-716725e1d02b","1520514625558","1520514274895","1571483036797"],"settings":{"shop_name":"","display_shopify_by":false}},"1554926147749":{"type":"rich-text","disabled":true,"settings":{"full_width":false,"section_title":"PRODUCT SPOTLIGHT","text":"<p>Hot products with amazing discounts, don't miss out! Shop Now.<\/p>","text_size":"medium"}},"cart-template":{"type":"cart-template","settings":{}},"header":{"type":"header","blocks":{"1536139291068":{"type":"mega_menu","settings":{"navigation_mega_menu":"clothes"}}},"block_order":["1536139291068"],"settings":{"show_header":true,"show_footer":true,"align_logo":"center","desktop_logo_size":"100%","mobile_logo_size":"75%","main_linklist":"main-menu","disable_cart":false,"shopping_icon":"default","header_strip_text_contact":"+44 1202 554665","header_strip_text_email":"email@email.co.uk"}}},"content_for_index":["1554926147749","1522671853847"]}}