{"sections":{"main":{"type":"main-page","disabled":true,"settings":{}},"107b3191-b63b-48e5-b59b-daeba0479377":{"type":"offerbanner","settings":{"offer_banner_text":"LIMITED TIME SPECIAL OFFER","show_offer_banner":true,"background_color":"#41a2ea","text_color":"#ffffff"}},"328fa7c6-81d8-4e5f-9e11-31ca32931805":{"type":"divider","settings":{"divider_option":"space","heading_divider":"full","divider_thick":1,"space_two_element":"1"}},"170f35ae-a8bd-44fc-b484-8ece474c09f3":{"type":"offer-headlines","settings":{"full_width":true,"section_title":"<p>Experience a truly <strong>restful sleep<\/strong> at the press of a button...<\/p>","text":"<p><strong>Save 50% Plus FREE Delivery!<\/strong><\/p>","sub_header_background_color":"#3d4246","sub_header_text_color":"#ffffff","text_size":"medium"}},"d8543dce-c22f-4be4-af69-7c5d39ab50fd":{"type":"divider","settings":{"divider_option":"space","heading_divider":"full","divider_thick":1,"space_two_element":"1"}},"715d7dc9-3d51-491b-ad7a-f7299e491999":{"type":"offer","blocks":{"template--15148919586877__715d7dc9-3d51-491b-ad7a-f7299e491999-1676124767fb0513ae-0":{"type":"sales_point","settings":{"text":"The Sleep Easy Band."}},"template--15148919586877__715d7dc9-3d51-491b-ad7a-f7299e491999-1676124767fb0513ae-1":{"type":"sales_point","settings":{"text":"FREE UK Delivery."}},"template--15148919586877__715d7dc9-3d51-491b-ad7a-f7299e491999-1676124767fb0513ae-2":{"type":"sales_point","settings":{"text":"50%-Off (Plus Extras)."}},"template--15148919586877__715d7dc9-3d51-491b-ad7a-f7299e491999-1676124767fb0513ae-3":{"type":"sales_point","settings":{"text":"100% Love it (or refund)."}},"template--15148919586877__715d7dc9-3d51-491b-ad7a-f7299e491999-1676124767fb0513ae-4":{"type":"sales_point","settings":{"text":"Charging Cable."}}},"block_order":["template--15148919586877__715d7dc9-3d51-491b-ad7a-f7299e491999-1676124767fb0513ae-0","template--15148919586877__715d7dc9-3d51-491b-ad7a-f7299e491999-1676124767fb0513ae-1","template--15148919586877__715d7dc9-3d51-491b-ad7a-f7299e491999-1676124767fb0513ae-2","template--15148919586877__715d7dc9-3d51-491b-ad7a-f7299e491999-1676124767fb0513ae-3","template--15148919586877__715d7dc9-3d51-491b-ad7a-f7299e491999-1676124767fb0513ae-4"],"settings":{"layout2":"left","title":"order today & get:","tick_color":"#41a2ea","button_label":"Choose Your Offer","button_action":"Scroll To Offers","sub_button_text":"*Offer Expires When the Timer Hits Zero","show_timer":true}},"13a2bf23-1f88-4f62-ab4f-c9106a0bee4c":{"type":"divider","settings":{"divider_option":"space","heading_divider":"full","divider_thick":1,"space_two_element":"5"}},"ff745f7b-1290-4441-bb71-8ed7ce1d612b":{"type":"image-bar","blocks":{"template--15148919586877__ff745f7b-1290-4441-bb71-8ed7ce1d612b-1676124820ba2b0cc4-0":{"type":"image","settings":{"image":"shopify:\/\/shop_images\/66.jpg","alignment":"center","link":"","cta_label":""}},"template--15148919586877__ff745f7b-1290-4441-bb71-8ed7ce1d612b-1676124820ba2b0cc4-1":{"type":"image","settings":{"image":"shopify:\/\/shop_images\/S1.jpg","alignment":"center","link":"","cta_label":""}},"template--15148919586877__ff745f7b-1290-4441-bb71-8ed7ce1d612b-1676124820ba2b0cc4-2":{"type":"image","settings":{"image":"shopify:\/\/shop_images\/4_33c94444-14fc-49dd-93b4-3fe600d44ccb.jpg","alignment":"center","link":"","cta_label":""}}},"block_order":["template--15148919586877__ff745f7b-1290-4441-bb71-8ed7ce1d612b-1676124820ba2b0cc4-0","template--15148919586877__ff745f7b-1290-4441-bb71-8ed7ce1d612b-1676124820ba2b0cc4-1","template--15148919586877__ff745f7b-1290-4441-bb71-8ed7ce1d612b-1676124820ba2b0cc4-2"],"settings":{"section_height":"medium"}},"303a1133-723c-4ea6-ae12-e199481846d0":{"type":"divider","settings":{"divider_option":"space","heading_divider":"full","divider_thick":1,"space_two_element":"35"}},"964b0899-c93f-4db3-99f8-7bfff96e9e36":{"type":"section-header","settings":{"section_header":"<p><strong>Effortless Comfort<\/strong> & Total Control<\/p>"}},"1076388a-ba37-4b27-867c-f50414991e58":{"type":"offer-benefits","blocks":{"template--15148919586877__1076388a-ba37-4b27-867c-f50414991e58-1676191039aef6a06a-0":{"type":"text","settings":{"text":"<p><strong>BLOCK OUT UNWANTED NOISE<\/strong><\/p><p>Do you sleep next to someone who snores? Advanced-noise cancelling headphones are <strong>included as standard <\/strong>with <strong>Sleep Eazy<\/strong>, enabling you to truly switch-off (and drift-off) without being disturbed. Treat yourself to some real peace and quiet. <\/p>","width":"66%","alignment":"center","align_text":"left"}},"template--15148919586877__1076388a-ba37-4b27-867c-f50414991e58-1676191039aef6a06a-1":{"type":"image","settings":{"image":"shopify:\/\/shop_images\/SMAIL.jpg","width":"33%","height_per":"100","img_align":"center"}},"template--15148919586877__1076388a-ba37-4b27-867c-f50414991e58-1676191039aef6a06a-2":{"type":"image","settings":{"image":"shopify:\/\/shop_images\/1_16bf7b51-1471-43a7-ba69-d77cf8fc29e9.jpg","width":"33%","height_per":"100","img_align":"center"}},"template--15148919586877__1076388a-ba37-4b27-867c-f50414991e58-1676191039aef6a06a-3":{"type":"text","settings":{"text":"<p><strong>BLUETOOTH 5.0 CONNECTIVITY<\/strong><\/p><p>Incorporating this technology <strong>eliminates the need for cords<\/strong>, which can often get tangled or disrupt sleep. With bluethooth wireless headphones, you can <strong>move around more freely<\/strong> without worrying about getting tangled or accidentally pulling them out.<\/p>","width":"66%","alignment":"center","align_text":"left"}},"template--15148919586877__1076388a-ba37-4b27-867c-f50414991e58-1676191039aef6a06a-4":{"type":"text","settings":{"text":"<p><strong>AS SOFT AS A CLOUD<\/strong><br\/><\/p><p><strong>Sleep Eazy<\/strong> uses 100% machine washable, breathable fabrics that <strong>keep your head cool through out the night<\/strong>. It's like sleeping on a cloud and you will probably forget you're even wearing it.  <strong>No more waking up to find your headphones are nowhere to be found<\/strong> or worse still in a rather uncomfortable position.<\/p>","width":"66%","alignment":"center","align_text":"left"}},"template--15148919586877__1076388a-ba37-4b27-867c-f50414991e58-1676191039aef6a06a-5":{"type":"image","settings":{"image":"shopify:\/\/shop_images\/S3.png","width":"33%","height_per":"100","img_align":"center"}}},"block_order":["template--15148919586877__1076388a-ba37-4b27-867c-f50414991e58-1676191039aef6a06a-0","template--15148919586877__1076388a-ba37-4b27-867c-f50414991e58-1676191039aef6a06a-1","template--15148919586877__1076388a-ba37-4b27-867c-f50414991e58-1676191039aef6a06a-2","template--15148919586877__1076388a-ba37-4b27-867c-f50414991e58-1676191039aef6a06a-3","template--15148919586877__1076388a-ba37-4b27-867c-f50414991e58-1676191039aef6a06a-4","template--15148919586877__1076388a-ba37-4b27-867c-f50414991e58-1676191039aef6a06a-5"],"settings":{"content_over":true,"enable_parallax":false}},"748babfd-db0e-4eb2-98ee-0332a4de6200":{"type":"section-header","settings":{"section_header":"<p>But <strong>don't<\/strong> just take <strong>our <\/strong>word for it...<\/p>"}},"167619511131ebaab5":{"type":"apps","blocks":{"61a63480-db98-44d5-b0aa-f52067813950":{"type":"shopify:\/\/apps\/loox-product-reviews-photos\/blocks\/loox-dynamic-section\/5c3b337f-fd14-4df5-b1d6-80ec13e6e28e","settings":{"only_photos":false,"aggregated":false,"limit":12,"hide_thumbnails":false,"maxwidth":1080}}},"block_order":["61a63480-db98-44d5-b0aa-f52067813950"],"settings":{}},"dc2d260c-5824-47e7-857b-7e65d816e73e":{"type":"image-bar","blocks":{"template--15148919586877__dc2d260c-5824-47e7-857b-7e65d816e73e-16761332450cffec4d-0":{"type":"image","settings":{"image":"shopify:\/\/shop_images\/S1.jpg","alignment":"center","link":"","cta_label":""}},"template--15148919586877__dc2d260c-5824-47e7-857b-7e65d816e73e-16761332450cffec4d-1":{"type":"image","settings":{"image":"shopify:\/\/shop_images\/S3.png","alignment":"center","link":"","cta_label":""}},"template--15148919586877__dc2d260c-5824-47e7-857b-7e65d816e73e-16761332450cffec4d-2":{"type":"image","settings":{"image":"shopify:\/\/shop_images\/SMAIL.jpg","alignment":"center","link":"","cta_label":""}}},"block_order":["template--15148919586877__dc2d260c-5824-47e7-857b-7e65d816e73e-16761332450cffec4d-0","template--15148919586877__dc2d260c-5824-47e7-857b-7e65d816e73e-16761332450cffec4d-1","template--15148919586877__dc2d260c-5824-47e7-857b-7e65d816e73e-16761332450cffec4d-2"],"settings":{"section_height":"medium"}},"501baf61-cd91-4621-a7ad-02eb6c0227eb":{"type":"divider","settings":{"divider_option":"space","heading_divider":"full","divider_thick":1,"space_two_element":"45"}},"ae54096a-7dc1-4804-9f0c-ac9a21f5e73c":{"type":"divider","settings":{"divider_option":"space","heading_divider":"full","divider_thick":1,"space_two_element":"20"}},"2e703dd0-4be8-40fb-af92-d9b69815d8b3":{"type":"discount","blocks":{"template--15148919586877__2e703dd0-4be8-40fb-af92-d9b69815d8b3-1676194558033e9a49-0":{"type":"product","settings":{"title":"The <strong>Sleep Eazy<br><\/strong>Headband","off":"50% OFF!","popular":"","free":"<br>","offer_price":"1999","reg_price":"3999","featured_product":"sleep-band","offer_qty":"1","button":"BUY 1"}},"template--15148919586877__2e703dd0-4be8-40fb-af92-d9b69815d8b3-1676194558033e9a49-1":{"type":"product","settings":{"title":"BUY 2<br>GET 1 <strong>FREE<\/strong>","off":"50% OFF + 1 FREE!","popular":"Most <br>Popular","free":"1 X FREE","offer_price":"3999","reg_price":"7999","featured_product":"sleep-band","offer_image_over":"shopify:\/\/shop_images\/3.jpg","offer_qty":"3","button":"BUY 2 GET 1 FREE"}},"template--15148919586877__2e703dd0-4be8-40fb-af92-d9b69815d8b3-1676194558033e9a49-2":{"type":"product","settings":{"title":"BUY 3<br>GET 2 <strong>FREE<\/strong>","off":"50% OFF + 2 FREE!","popular":"","free":"2 X FREE","offer_price":"5999","reg_price":"11999","featured_product":"sleep-band","offer_image_over":"shopify:\/\/shop_images\/5_edb97c7d-94c1-4db3-bc56-77869d68962b.jpg","offer_qty":"5","button":"BUY 3 GET 2 FREE"}}},"block_order":["template--15148919586877__2e703dd0-4be8-40fb-af92-d9b69815d8b3-1676194558033e9a49-0","template--15148919586877__2e703dd0-4be8-40fb-af92-d9b69815d8b3-1676194558033e9a49-1","template--15148919586877__2e703dd0-4be8-40fb-af92-d9b69815d8b3-1676194558033e9a49-2"],"settings":{"title":"LIMITED TIME SPECIAL OFFER","discount_color":"#41a2ea"}},"d71613df-c936-4d9a-b396-9702ff5313f6":{"type":"divider","settings":{"divider_option":"space","heading_divider":"full","divider_thick":1,"space_two_element":"1"}},"452e5524-f54c-4cdd-8075-7e63e9a0f1a0":{"type":"offer","blocks":{"template--15148919586877__452e5524-f54c-4cdd-8075-7e63e9a0f1a0-1676133335f0722f48-0":{"type":"sales_point","settings":{"text":"The Sleep Easy Band."}},"template--15148919586877__452e5524-f54c-4cdd-8075-7e63e9a0f1a0-1676133335f0722f48-1":{"type":"sales_point","settings":{"text":"FREE UK Delivery."}},"template--15148919586877__452e5524-f54c-4cdd-8075-7e63e9a0f1a0-1676133335f0722f48-2":{"type":"sales_point","settings":{"text":"50%-Off (Plus Extras)."}},"template--15148919586877__452e5524-f54c-4cdd-8075-7e63e9a0f1a0-1676133335f0722f48-3":{"type":"sales_point","settings":{"text":"100% Love it (or refund)."}},"template--15148919586877__452e5524-f54c-4cdd-8075-7e63e9a0f1a0-1676133335f0722f48-4":{"type":"sales_point","settings":{"text":"Charging Cable."}}},"block_order":["template--15148919586877__452e5524-f54c-4cdd-8075-7e63e9a0f1a0-1676133335f0722f48-0","template--15148919586877__452e5524-f54c-4cdd-8075-7e63e9a0f1a0-1676133335f0722f48-1","template--15148919586877__452e5524-f54c-4cdd-8075-7e63e9a0f1a0-1676133335f0722f48-2","template--15148919586877__452e5524-f54c-4cdd-8075-7e63e9a0f1a0-1676133335f0722f48-3","template--15148919586877__452e5524-f54c-4cdd-8075-7e63e9a0f1a0-1676133335f0722f48-4"],"settings":{"layout2":"left","title":"order today & get:","tick_color":"#41a2ea","button_label":"Choose Your Offer","button_action":"Scroll To Offers","sub_button_text":"*Offer Expires When the Timer Hits Zero","show_timer":true}},"1d4f3f55-a303-44e3-9af3-0b0ab090278e":{"type":"divider","settings":{"divider_option":"space","heading_divider":"full","divider_thick":1,"space_two_element":"45"}}},"order":["main","107b3191-b63b-48e5-b59b-daeba0479377","328fa7c6-81d8-4e5f-9e11-31ca32931805","170f35ae-a8bd-44fc-b484-8ece474c09f3","d8543dce-c22f-4be4-af69-7c5d39ab50fd","715d7dc9-3d51-491b-ad7a-f7299e491999","13a2bf23-1f88-4f62-ab4f-c9106a0bee4c","ff745f7b-1290-4441-bb71-8ed7ce1d612b","303a1133-723c-4ea6-ae12-e199481846d0","964b0899-c93f-4db3-99f8-7bfff96e9e36","1076388a-ba37-4b27-867c-f50414991e58","748babfd-db0e-4eb2-98ee-0332a4de6200","167619511131ebaab5","dc2d260c-5824-47e7-857b-7e65d816e73e","501baf61-cd91-4621-a7ad-02eb6c0227eb","ae54096a-7dc1-4804-9f0c-ac9a21f5e73c","2e703dd0-4be8-40fb-af92-d9b69815d8b3","d71613df-c936-4d9a-b396-9702ff5313f6","452e5524-f54c-4cdd-8075-7e63e9a0f1a0","1d4f3f55-a303-44e3-9af3-0b0ab090278e"]}