{"sections":{"main":{"type":"main-page","disabled":true,"settings":{}},"107b3191-b63b-48e5-b59b-daeba0479377":{"type":"offerbanner","settings":{"offer_banner_text":"[ INSERT OFFER BANNER TEXT ]","show_offer_banner":true,"background_color":"#ec3939","text_color":"#ffffff"}},"328fa7c6-81d8-4e5f-9e11-31ca32931805":{"type":"divider","settings":{"divider_option":"space","heading_divider":"full","divider_thick":1,"space_two_element":"1"}},"170f35ae-a8bd-44fc-b484-8ece474c09f3":{"type":"offer-headlines","settings":{"full_width":true,"section_title":"<p>[This is an <strong>Irresistable Offer<\/strong> Main Headline]<\/p>","text":"<p><strong>[ This is an Irresistable Offer Sub Headline ]<\/strong><\/p>","sub_header_background_color":"#3d4246","sub_header_text_color":"#ffffff","text_size":"medium"}},"d8543dce-c22f-4be4-af69-7c5d39ab50fd":{"type":"divider","settings":{"divider_option":"space","heading_divider":"full","divider_thick":1,"space_two_element":"1"}},"715d7dc9-3d51-491b-ad7a-f7299e491999":{"type":"offer","blocks":{"template--15148919586877__715d7dc9-3d51-491b-ad7a-f7299e491999-1676124767fb0513ae-0":{"type":"sales_point","settings":{"text":"[Offer Feature or Benefit]"}},"template--15148919586877__715d7dc9-3d51-491b-ad7a-f7299e491999-1676124767fb0513ae-1":{"type":"sales_point","settings":{"text":"[Offer Feature or Benefit]"}},"template--15148919586877__715d7dc9-3d51-491b-ad7a-f7299e491999-1676124767fb0513ae-2":{"type":"sales_point","settings":{"text":"[Offer Feature or Benefit]"}},"template--15148919586877__715d7dc9-3d51-491b-ad7a-f7299e491999-1676124767fb0513ae-3":{"type":"sales_point","settings":{"text":"[Offer Feature or Benefit]"}},"template--15148919586877__715d7dc9-3d51-491b-ad7a-f7299e491999-1676124767fb0513ae-4":{"type":"sales_point","settings":{"text":"[Offer Feature or Benefit]"}}},"block_order":["template--15148919586877__715d7dc9-3d51-491b-ad7a-f7299e491999-1676124767fb0513ae-0","template--15148919586877__715d7dc9-3d51-491b-ad7a-f7299e491999-1676124767fb0513ae-1","template--15148919586877__715d7dc9-3d51-491b-ad7a-f7299e491999-1676124767fb0513ae-2","template--15148919586877__715d7dc9-3d51-491b-ad7a-f7299e491999-1676124767fb0513ae-3","template--15148919586877__715d7dc9-3d51-491b-ad7a-f7299e491999-1676124767fb0513ae-4"],"settings":{"image":"shopify:\/\/shop_images\/placeholder2222.png","layout2":"left","title":"[Offer List Heading]","button_label":"Choose Your Offer","button_action":"Scroll To Offers","sub_button_text":"*Offer Expires When the Timer Hits Zero","show_timer":true}},"13a2bf23-1f88-4f62-ab4f-c9106a0bee4c":{"type":"divider","settings":{"divider_option":"space","heading_divider":"full","divider_thick":1,"space_two_element":"5"}},"ff745f7b-1290-4441-bb71-8ed7ce1d612b":{"type":"image-bar","blocks":{"template--15148919586877__ff745f7b-1290-4441-bb71-8ed7ce1d612b-1676124820ba2b0cc4-0":{"type":"image","settings":{"alignment":"center","link":"","cta_label":""}},"template--15148919586877__ff745f7b-1290-4441-bb71-8ed7ce1d612b-1676124820ba2b0cc4-1":{"type":"image","settings":{"alignment":"center","link":"","cta_label":""}},"template--15148919586877__ff745f7b-1290-4441-bb71-8ed7ce1d612b-1676124820ba2b0cc4-2":{"type":"image","settings":{"alignment":"center","link":"","cta_label":""}}},"block_order":["template--15148919586877__ff745f7b-1290-4441-bb71-8ed7ce1d612b-1676124820ba2b0cc4-0","template--15148919586877__ff745f7b-1290-4441-bb71-8ed7ce1d612b-1676124820ba2b0cc4-1","template--15148919586877__ff745f7b-1290-4441-bb71-8ed7ce1d612b-1676124820ba2b0cc4-2"],"settings":{"section_height":"medium"}},"303a1133-723c-4ea6-ae12-e199481846d0":{"type":"divider","settings":{"divider_option":"space","heading_divider":"full","divider_thick":1,"space_two_element":"35"}},"964b0899-c93f-4db3-99f8-7bfff96e9e36":{"type":"section-header","settings":{"section_header":"<p>[ <strong>Features<\/strong> & <strong>Benefits <\/strong>Section Title ]<\/p>"}},"1076388a-ba37-4b27-867c-f50414991e58":{"type":"offer-benefits","blocks":{"template--15148919586877__1076388a-ba37-4b27-867c-f50414991e58-1676191039aef6a06a-0":{"type":"text","settings":{"text":"<p><strong>[ BENEFIT OR FEATURE HEADER ]<\/strong><br><\/p><p>[This is the page copy for a feature or benefit for the offer\/product you are selling. Replace this text with your actual feature or benefit. This text is acompanied with an image either to the left or the right which can be chosen from the menu on the right.]<\/p>","width":"66%","alignment":"center","align_text":"left"}},"template--15148919586877__1076388a-ba37-4b27-867c-f50414991e58-1676191039aef6a06a-1":{"type":"image","settings":{"width":"33%","height_per":"100","img_align":"center"}},"template--15148919586877__1076388a-ba37-4b27-867c-f50414991e58-1676191039aef6a06a-2":{"type":"image","settings":{"width":"33%","height_per":"100","img_align":"center"}},"template--15148919586877__1076388a-ba37-4b27-867c-f50414991e58-1676191039aef6a06a-3":{"type":"text","settings":{"text":"<p><strong>[ BENEFIT OR FEATURE HEADER ]<\/strong><br><\/p><p>[This is the page copy for a feature or benefit for the offer\/product you are selling. Replace this text with your actual feature or benefit. This text is acompanied with an image either to the left or the right which can be chosen from the menu on the right.]<\/p>","width":"66%","alignment":"center","align_text":"left"}},"template--15148919586877__1076388a-ba37-4b27-867c-f50414991e58-1676191039aef6a06a-4":{"type":"text","settings":{"text":"<p><strong>[ BENEFIT OR FEATURE HEADER ]<\/strong><br><\/p><p>[This is the page copy for a feature or benefit for the offer\/product you are selling. Replace this text with your actual feature or benefit. This text is acompanied with an image either to the left or the right which can be chosen from the menu on the right.]<\/p>","width":"66%","alignment":"center","align_text":"left"}},"template--15148919586877__1076388a-ba37-4b27-867c-f50414991e58-1676191039aef6a06a-5":{"type":"image","settings":{"width":"33%","height_per":"100","img_align":"center"}}},"block_order":["template--15148919586877__1076388a-ba37-4b27-867c-f50414991e58-1676191039aef6a06a-0","template--15148919586877__1076388a-ba37-4b27-867c-f50414991e58-1676191039aef6a06a-1","template--15148919586877__1076388a-ba37-4b27-867c-f50414991e58-1676191039aef6a06a-2","template--15148919586877__1076388a-ba37-4b27-867c-f50414991e58-1676191039aef6a06a-3","template--15148919586877__1076388a-ba37-4b27-867c-f50414991e58-1676191039aef6a06a-4","template--15148919586877__1076388a-ba37-4b27-867c-f50414991e58-1676191039aef6a06a-5"],"settings":{"content_over":true,"enable_parallax":false}},"748babfd-db0e-4eb2-98ee-0332a4de6200":{"type":"section-header","settings":{"section_header":"<p>[ <strong>Customer Reviews<\/strong> Section Title ]<\/p>"}},"167619511131ebaab5":{"type":"apps","blocks":{"61a63480-db98-44d5-b0aa-f52067813950":{"type":"shopify:\/\/apps\/loox-product-reviews-photos\/blocks\/loox-dynamic-section\/5c3b337f-fd14-4df5-b1d6-80ec13e6e28e","settings":{"only_photos":false,"aggregated":false,"limit":12,"hide_thumbnails":false,"maxwidth":1080}}},"block_order":["61a63480-db98-44d5-b0aa-f52067813950"],"settings":{}},"dc2d260c-5824-47e7-857b-7e65d816e73e":{"type":"image-bar","blocks":{"template--15148919586877__dc2d260c-5824-47e7-857b-7e65d816e73e-16761332450cffec4d-0":{"type":"image","settings":{"alignment":"center","link":"","cta_label":""}},"template--15148919586877__dc2d260c-5824-47e7-857b-7e65d816e73e-16761332450cffec4d-1":{"type":"image","settings":{"alignment":"center","link":"","cta_label":""}},"template--15148919586877__dc2d260c-5824-47e7-857b-7e65d816e73e-16761332450cffec4d-2":{"type":"image","settings":{"alignment":"center","link":"","cta_label":""}}},"block_order":["template--15148919586877__dc2d260c-5824-47e7-857b-7e65d816e73e-16761332450cffec4d-0","template--15148919586877__dc2d260c-5824-47e7-857b-7e65d816e73e-16761332450cffec4d-1","template--15148919586877__dc2d260c-5824-47e7-857b-7e65d816e73e-16761332450cffec4d-2"],"settings":{"section_height":"medium"}},"501baf61-cd91-4621-a7ad-02eb6c0227eb":{"type":"divider","settings":{"divider_option":"space","heading_divider":"full","divider_thick":1,"space_two_element":"45"}},"ae54096a-7dc1-4804-9f0c-ac9a21f5e73c":{"type":"divider","settings":{"divider_option":"space","heading_divider":"full","divider_thick":1,"space_two_element":"20"}},"2e703dd0-4be8-40fb-af92-d9b69815d8b3":{"type":"discount","blocks":{"template--15148919586877__2e703dd0-4be8-40fb-af92-d9b69815d8b3-1676194558033e9a49-0":{"type":"product","settings":{"title":"[First Amazing<br><strong>Offer<\/strong> Title]","off":"[OFFER NAME]","popular":"","free":"[X FREE]","featured_product":"","button":"[CUSTOM CTA]"}},"template--15148919586877__2e703dd0-4be8-40fb-af92-d9b69815d8b3-1676194558033e9a49-1":{"type":"product","settings":{"title":"[Second Amazing<br><strong>Offer<\/strong> Title]","off":"[OFFER NAME]","popular":"Most <br>Popular","free":"[X FREE]","featured_product":"","button":"[CUSTOM CTA]"}},"template--15148919586877__2e703dd0-4be8-40fb-af92-d9b69815d8b3-1676194558033e9a49-2":{"type":"product","settings":{"title":"[Third Amazing<br><strong>Offer<\/strong> Title]","off":"[OFFER NAME]","popular":"","free":"[X FREE]","featured_product":"","button":"[CUSTOM CTA]"}}},"block_order":["template--15148919586877__2e703dd0-4be8-40fb-af92-d9b69815d8b3-1676194558033e9a49-0","template--15148919586877__2e703dd0-4be8-40fb-af92-d9b69815d8b3-1676194558033e9a49-1","template--15148919586877__2e703dd0-4be8-40fb-af92-d9b69815d8b3-1676194558033e9a49-2"],"settings":{"title":"[CHOOSE YOUR OFFER HEADING]"}},"452e5524-f54c-4cdd-8075-7e63e9a0f1a0":{"type":"offer","blocks":{"template--15148919586877__452e5524-f54c-4cdd-8075-7e63e9a0f1a0-1676133335f0722f48-0":{"type":"sales_point","settings":{"text":"[Offer Feature or Benefit]"}},"template--15148919586877__452e5524-f54c-4cdd-8075-7e63e9a0f1a0-1676133335f0722f48-1":{"type":"sales_point","settings":{"text":"[Offer Feature or Benefit]"}},"template--15148919586877__452e5524-f54c-4cdd-8075-7e63e9a0f1a0-1676133335f0722f48-2":{"type":"sales_point","settings":{"text":"[Offer Feature or Benefit]"}},"template--15148919586877__452e5524-f54c-4cdd-8075-7e63e9a0f1a0-1676133335f0722f48-3":{"type":"sales_point","settings":{"text":"[Offer Feature or Benefit]"}},"template--15148919586877__452e5524-f54c-4cdd-8075-7e63e9a0f1a0-1676133335f0722f48-4":{"type":"sales_point","settings":{"text":"[Offer Feature or Benefit]"}}},"block_order":["template--15148919586877__452e5524-f54c-4cdd-8075-7e63e9a0f1a0-1676133335f0722f48-0","template--15148919586877__452e5524-f54c-4cdd-8075-7e63e9a0f1a0-1676133335f0722f48-1","template--15148919586877__452e5524-f54c-4cdd-8075-7e63e9a0f1a0-1676133335f0722f48-2","template--15148919586877__452e5524-f54c-4cdd-8075-7e63e9a0f1a0-1676133335f0722f48-3","template--15148919586877__452e5524-f54c-4cdd-8075-7e63e9a0f1a0-1676133335f0722f48-4"],"settings":{"image":"shopify:\/\/shop_images\/placeholder2222.png","layout2":"left","title":"[Offer List Heading]","button_label":"Choose Your Offer","button_action":"Scroll To Offers","sub_button_text":"*Offer Expires When the Timer Hits Zero","show_timer":true}},"1d4f3f55-a303-44e3-9af3-0b0ab090278e":{"type":"divider","settings":{"divider_option":"space","heading_divider":"full","divider_thick":1,"space_two_element":"45"}}},"order":["main","107b3191-b63b-48e5-b59b-daeba0479377","328fa7c6-81d8-4e5f-9e11-31ca32931805","170f35ae-a8bd-44fc-b484-8ece474c09f3","d8543dce-c22f-4be4-af69-7c5d39ab50fd","715d7dc9-3d51-491b-ad7a-f7299e491999","13a2bf23-1f88-4f62-ab4f-c9106a0bee4c","ff745f7b-1290-4441-bb71-8ed7ce1d612b","303a1133-723c-4ea6-ae12-e199481846d0","964b0899-c93f-4db3-99f8-7bfff96e9e36","1076388a-ba37-4b27-867c-f50414991e58","748babfd-db0e-4eb2-98ee-0332a4de6200","167619511131ebaab5","dc2d260c-5824-47e7-857b-7e65d816e73e","501baf61-cd91-4621-a7ad-02eb6c0227eb","ae54096a-7dc1-4804-9f0c-ac9a21f5e73c","2e703dd0-4be8-40fb-af92-d9b69815d8b3","452e5524-f54c-4cdd-8075-7e63e9a0f1a0","1d4f3f55-a303-44e3-9af3-0b0ab090278e"]}