{"sections":{"main":{"type":"main-page","disabled":true,"settings":{}},"x6d6c9ab-8060-42d1-ab55-057d782716ca":{"type":"Offerbanner","settings":{"offer_banner_text":"Limited Time special offer","show_offer_banner":true,"background_color":"#01a57a","text_color":"#ffffff"}},"c034e55f-4bc3-4190-87b8-53bf4834dbb6":{"type":"divider","settings":{"divider_option":"space","heading_divider":"full","divider_thick":1,"space_two_element":"1"}},"59c8e0dc-3d2c-4edc-85d6-dde3457c8cff":{"type":"offer-headlines","settings":{"full_width":true,"section_title":"<p>Be prepaired for anything with the <strong>unbreakable<\/strong> shoe... <\/p>","text":"<p><strong>Grab your pair today for only £29.99!<\/strong><\/p>","sub_header_background_color":"#3d4246","sub_header_text_color":"#ffffff","text_size":"medium"}},"e712a03c-99be-4f90-8b7c-493a834215db":{"type":"divider","disabled":true,"settings":{"divider_option":"space","heading_divider":"full","divider_thick":1,"space_two_element":"5"}},"93eb4302-3160-447f-8a5e-63f552e7be67":{"type":"offer","blocks":{"template--15148919619645__93eb4302-3160-447f-8a5e-63f552e7be67-167612339556cc83c4-0":{"type":"sales_point","settings":{"text":"Our Flagship Shoes."}},"template--15148919619645__93eb4302-3160-447f-8a5e-63f552e7be67-167612339556cc83c4-1":{"type":"sales_point","settings":{"text":"50%-Off RRP (limited time)."}},"template--15148919619645__93eb4302-3160-447f-8a5e-63f552e7be67-167612339556cc83c4-2":{"type":"sales_point","settings":{"text":"Free UK Delivery."}},"template--15148919619645__93eb4302-3160-447f-8a5e-63f552e7be67-167612339556cc83c4-3":{"type":"sales_point","settings":{"text":"No-tie laces (as standard)."}},"template--15148919619645__93eb4302-3160-447f-8a5e-63f552e7be67-167612339556cc83c4-4":{"type":"sales_point","settings":{"text":"100% Love it (or full refund)"}}},"block_order":["template--15148919619645__93eb4302-3160-447f-8a5e-63f552e7be67-167612339556cc83c4-0","template--15148919619645__93eb4302-3160-447f-8a5e-63f552e7be67-167612339556cc83c4-1","template--15148919619645__93eb4302-3160-447f-8a5e-63f552e7be67-167612339556cc83c4-2","template--15148919619645__93eb4302-3160-447f-8a5e-63f552e7be67-167612339556cc83c4-3","template--15148919619645__93eb4302-3160-447f-8a5e-63f552e7be67-167612339556cc83c4-4"],"settings":{"layout2":"left","title":"Order today & get:","button_label":"Get This Offer","button_action":"Add to Cart","sub_button_text":"*Offer Expires When the Timer Hits Zero","show_timer":true}},"9a6b5b41-65b3-4525-a230-e3b689658a4c":{"type":"image-bar","blocks":{"template--15148919619645__9a6b5b41-65b3-4525-a230-e3b689658a4c-16761115053fe2c585-0":{"type":"image","settings":{"image":"shopify:\/\/shop_images\/1_7b90e541-a811-445c-a232-6f5a7a47c927.jpg","alignment":"center","link":"","cta_label":""}},"template--15148919619645__9a6b5b41-65b3-4525-a230-e3b689658a4c-16761115053fe2c585-1":{"type":"image","settings":{"image":"shopify:\/\/shop_images\/7.jpg","alignment":"center","link":"","cta_label":""}},"template--15148919619645__9a6b5b41-65b3-4525-a230-e3b689658a4c-16761115053fe2c585-2":{"type":"image","settings":{"image":"shopify:\/\/shop_images\/11.webp","alignment":"center","link":"","cta_label":""}}},"block_order":["template--15148919619645__9a6b5b41-65b3-4525-a230-e3b689658a4c-16761115053fe2c585-0","template--15148919619645__9a6b5b41-65b3-4525-a230-e3b689658a4c-16761115053fe2c585-1","template--15148919619645__9a6b5b41-65b3-4525-a230-e3b689658a4c-16761115053fe2c585-2"],"settings":{"section_height":"medium"}},"13a2bf23-1f88-4f62-ab4f-c9106a0bee4c":{"type":"divider","settings":{"divider_option":"space","heading_divider":"full","divider_thick":1,"space_two_element":"10"}},"964b0899-c93f-4db3-99f8-7bfff96e9e36":{"type":"section-header","settings":{"section_header":"<p>You <em>really<\/em> don't have to choose between <strong>style<\/strong> & <strong>substance...<\/strong><\/p>"}},"bc101b17-26cc-4669-aaad-549df841d67d":{"type":"offer-benefits","blocks":{"template--15148919619645__bc101b17-26cc-4669-aaad-549df841d67d-1676191039aef6a06a-0":{"type":"text","settings":{"text":"<p><strong>RE-ENFORCED STEEL TOE CAPS<\/strong><\/p><p>Usually reserved for big & clunky work boots; the unbreakable shoe has built in steel tie caps to protect your feet from any heavy falling objects. Plus, our <strong>composite steel formula<\/strong> means that the unbreakable shoe can still weigh less that 1lb.<\/p>","width":"66%","alignment":"center","align_text":"left"}},"template--15148919619645__bc101b17-26cc-4669-aaad-549df841d67d-1676191039aef6a06a-1":{"type":"image","settings":{"image":"shopify:\/\/shop_images\/4.jpg","width":"33%","height_per":"100","img_align":"center"}},"template--15148919619645__bc101b17-26cc-4669-aaad-549df841d67d-1676191039aef6a06a-2":{"type":"image","settings":{"image":"shopify:\/\/shop_images\/5.jpg","width":"33%","height_per":"100","img_align":"center"}},"template--15148919619645__bc101b17-26cc-4669-aaad-549df841d67d-1676191039aef6a06a-3":{"type":"text","settings":{"text":"<p><strong>NAIL RESISTANT KEVLAR SOLE<\/strong><\/p><p><strong>Our unbreakable shoe is built with military grade kevlar woven into the sole.<\/strong> Ideal for working in hazardous environments or even if you just want to take precautions. Tested at multiple stress points, these <strong>puncture resistant shoes<\/strong> will be there to protect you when you need it most.<\/p>","width":"66%","alignment":"center","align_text":"left"}},"template--15148919619645__bc101b17-26cc-4669-aaad-549df841d67d-1676191039aef6a06a-4":{"type":"text","settings":{"text":"<p><strong>AS LIGHT AS A FEATHER<\/strong><\/p><p>Well - nearly! You may be supprised to discover that the unbreakable shoe weighs in at under 1lb. This means you can make <strong>you won't be slowed down under any circumstances<\/strong>. Great protection in a super light-weight package gives the unbreakable shoe a complete edge.<\/p>","width":"66%","alignment":"center","align_text":"left"}},"template--15148919619645__bc101b17-26cc-4669-aaad-549df841d67d-1676191039aef6a06a-5":{"type":"image","settings":{"image":"shopify:\/\/shop_images\/6_afc5cff2-5f97-4bd7-8739-bf21977298f8.jpg","width":"33%","height_per":"100","img_align":"center"}}},"block_order":["template--15148919619645__bc101b17-26cc-4669-aaad-549df841d67d-1676191039aef6a06a-0","template--15148919619645__bc101b17-26cc-4669-aaad-549df841d67d-1676191039aef6a06a-1","template--15148919619645__bc101b17-26cc-4669-aaad-549df841d67d-1676191039aef6a06a-2","template--15148919619645__bc101b17-26cc-4669-aaad-549df841d67d-1676191039aef6a06a-3","template--15148919619645__bc101b17-26cc-4669-aaad-549df841d67d-1676191039aef6a06a-4","template--15148919619645__bc101b17-26cc-4669-aaad-549df841d67d-1676191039aef6a06a-5"],"settings":{"content_over":true,"enable_parallax":false}},"748babfd-db0e-4eb2-98ee-0332a4de6200":{"type":"section-header","settings":{"section_header":"<p>But <strong>don't<\/strong> just take <strong>our<\/strong> word for it...<\/p>"}},"1676195680e771ab7f":{"type":"apps","blocks":{"c9deba0a-d162-497d-9528-ff17e0e2ff31":{"type":"shopify:\/\/apps\/loox-product-reviews-photos\/blocks\/loox-dynamic-section\/5c3b337f-fd14-4df5-b1d6-80ec13e6e28e","settings":{"only_photos":false,"aggregated":false,"limit":16,"hide_thumbnails":false,"maxwidth":1080}}},"block_order":["c9deba0a-d162-497d-9528-ff17e0e2ff31"],"settings":{}},"b59c1c4f-cf1b-4ff8-af6f-b12049696abc":{"type":"image-bar","blocks":{"template--15146532864061__b59c1c4f-cf1b-4ff8-af6f-b12049696abc-1675792623ce8e4fab-0":{"type":"image","settings":{"image":"shopify:\/\/shop_images\/WhatsApp_Image_2023-02-15_at_18.21.55.jpg","alignment":"center","link":"","cta_label":""}},"template--15146532864061__b59c1c4f-cf1b-4ff8-af6f-b12049696abc-1675792623ce8e4fab-1":{"type":"image","settings":{"image":"shopify:\/\/shop_images\/11.webp","alignment":"center","link":"","cta_label":""}},"template--15146532864061__b59c1c4f-cf1b-4ff8-af6f-b12049696abc-1675792623ce8e4fab-2":{"type":"image","settings":{"image":"shopify:\/\/shop_images\/WhatsApp_Image_2023-02-15_at_18.21.58_1.jpg","alignment":"center","link":"","cta_label":""}}},"block_order":["template--15146532864061__b59c1c4f-cf1b-4ff8-af6f-b12049696abc-1675792623ce8e4fab-0","template--15146532864061__b59c1c4f-cf1b-4ff8-af6f-b12049696abc-1675792623ce8e4fab-1","template--15146532864061__b59c1c4f-cf1b-4ff8-af6f-b12049696abc-1675792623ce8e4fab-2"],"settings":{"section_height":"medium"}},"1f5415a7-65f9-45be-b997-1f43298b36c3":{"type":"divider","settings":{"divider_option":"space","heading_divider":"full","divider_thick":1,"space_two_element":"45"}},"7ea9c67c-8312-4882-afcf-1d29aa9ee36a":{"type":"offer","blocks":{"template--15148919619645__7ea9c67c-8312-4882-afcf-1d29aa9ee36a-167612339556cc83c4-0":{"type":"sales_point","settings":{"text":"Our Flagship Shoes."}},"template--15148919619645__7ea9c67c-8312-4882-afcf-1d29aa9ee36a-167612339556cc83c4-1":{"type":"sales_point","settings":{"text":"50%-Off RRP (limited time)."}},"template--15148919619645__7ea9c67c-8312-4882-afcf-1d29aa9ee36a-167612339556cc83c4-2":{"type":"sales_point","settings":{"text":"Free UK Delivery."}},"template--15148919619645__7ea9c67c-8312-4882-afcf-1d29aa9ee36a-167612339556cc83c4-3":{"type":"sales_point","settings":{"text":"No-tie laces (as standard)."}},"template--15148919619645__7ea9c67c-8312-4882-afcf-1d29aa9ee36a-167612339556cc83c4-4":{"type":"sales_point","settings":{"text":"100% Love it (or full refund)"}}},"block_order":["template--15148919619645__7ea9c67c-8312-4882-afcf-1d29aa9ee36a-167612339556cc83c4-0","template--15148919619645__7ea9c67c-8312-4882-afcf-1d29aa9ee36a-167612339556cc83c4-1","template--15148919619645__7ea9c67c-8312-4882-afcf-1d29aa9ee36a-167612339556cc83c4-2","template--15148919619645__7ea9c67c-8312-4882-afcf-1d29aa9ee36a-167612339556cc83c4-3","template--15148919619645__7ea9c67c-8312-4882-afcf-1d29aa9ee36a-167612339556cc83c4-4"],"settings":{"layout2":"left","title":"Order today & get:","button_label":"Get This Offer","button_action":"Add to Cart","sub_button_text":"*Offer Expires When the Timer Hits Zero","show_timer":true}},"d695a477-50e5-4481-ad8e-5b5f8f87ddbe":{"type":"divider","settings":{"divider_option":"space","heading_divider":"full","divider_thick":1,"space_two_element":"20"}}},"order":["main","x6d6c9ab-8060-42d1-ab55-057d782716ca","c034e55f-4bc3-4190-87b8-53bf4834dbb6","59c8e0dc-3d2c-4edc-85d6-dde3457c8cff","e712a03c-99be-4f90-8b7c-493a834215db","93eb4302-3160-447f-8a5e-63f552e7be67","9a6b5b41-65b3-4525-a230-e3b689658a4c","13a2bf23-1f88-4f62-ab4f-c9106a0bee4c","964b0899-c93f-4db3-99f8-7bfff96e9e36","bc101b17-26cc-4669-aaad-549df841d67d","748babfd-db0e-4eb2-98ee-0332a4de6200","1676195680e771ab7f","b59c1c4f-cf1b-4ff8-af6f-b12049696abc","1f5415a7-65f9-45be-b997-1f43298b36c3","7ea9c67c-8312-4882-afcf-1d29aa9ee36a","d695a477-50e5-4481-ad8e-5b5f8f87ddbe"]}