{"sections":{"main":{"type":"main-page","disabled":true,"settings":{}},"x6d6c9ab-8060-42d1-ab55-057d782716ca":{"type":"Offerbanner","settings":{"offer_banner_text":"[ INSERT OFFER BANNER TEXT ]","show_offer_banner":true,"background_color":"#ec3939","text_color":"#ffffff"}},"c034e55f-4bc3-4190-87b8-53bf4834dbb6":{"type":"divider","settings":{"divider_option":"space","heading_divider":"full","divider_thick":1,"space_two_element":"1"}},"59c8e0dc-3d2c-4edc-85d6-dde3457c8cff":{"type":"offer-headlines","settings":{"full_width":true,"section_title":"<p>[ This is an <strong>Incredible<\/strong> Main Offer Headline ]<\/p>","text":"<p><strong>[ This is an Incredible Offer Sub Headline ]<\/strong><\/p>","sub_header_background_color":"#3d4246","sub_header_text_color":"#ffffff","text_size":"medium"}},"e712a03c-99be-4f90-8b7c-493a834215db":{"type":"divider","settings":{"divider_option":"space","heading_divider":"full","divider_thick":1,"space_two_element":"5"}},"93eb4302-3160-447f-8a5e-63f552e7be67":{"type":"offer","blocks":{"template--15148919619645__93eb4302-3160-447f-8a5e-63f552e7be67-167612339556cc83c4-0":{"type":"sales_point","settings":{"text":"[Offer Feature or Benefit]"}},"template--15148919619645__93eb4302-3160-447f-8a5e-63f552e7be67-167612339556cc83c4-1":{"type":"sales_point","settings":{"text":"[Offer Feature or Benefit]"}},"template--15148919619645__93eb4302-3160-447f-8a5e-63f552e7be67-167612339556cc83c4-2":{"type":"sales_point","settings":{"text":"[Offer Feature or Benefit]"}},"template--15148919619645__93eb4302-3160-447f-8a5e-63f552e7be67-167612339556cc83c4-3":{"type":"sales_point","settings":{"text":"[Offer Feature or Benefit]"}},"template--15148919619645__93eb4302-3160-447f-8a5e-63f552e7be67-167612339556cc83c4-4":{"type":"sales_point","settings":{"text":"[Offer Feature or Benefit]"}}},"block_order":["template--15148919619645__93eb4302-3160-447f-8a5e-63f552e7be67-167612339556cc83c4-0","template--15148919619645__93eb4302-3160-447f-8a5e-63f552e7be67-167612339556cc83c4-1","template--15148919619645__93eb4302-3160-447f-8a5e-63f552e7be67-167612339556cc83c4-2","template--15148919619645__93eb4302-3160-447f-8a5e-63f552e7be67-167612339556cc83c4-3","template--15148919619645__93eb4302-3160-447f-8a5e-63f552e7be67-167612339556cc83c4-4"],"settings":{"image":"shopify:\/\/shop_images\/placeholder2222.png","layout2":"left","title":"[Offer List Heading]","button_label":"Get This Offer","button_action":"Add to Cart","sub_button_text":"*Offer Expires When the Timer Hits Zero","show_timer":true}},"9a6b5b41-65b3-4525-a230-e3b689658a4c":{"type":"image-bar","blocks":{"template--15148919619645__9a6b5b41-65b3-4525-a230-e3b689658a4c-16761115053fe2c585-0":{"type":"image","settings":{"alignment":"center","link":"","cta_label":""}},"template--15148919619645__9a6b5b41-65b3-4525-a230-e3b689658a4c-16761115053fe2c585-1":{"type":"image","settings":{"alignment":"center","link":"","cta_label":""}},"template--15148919619645__9a6b5b41-65b3-4525-a230-e3b689658a4c-16761115053fe2c585-2":{"type":"image","settings":{"alignment":"center","link":"","cta_label":""}}},"block_order":["template--15148919619645__9a6b5b41-65b3-4525-a230-e3b689658a4c-16761115053fe2c585-0","template--15148919619645__9a6b5b41-65b3-4525-a230-e3b689658a4c-16761115053fe2c585-1","template--15148919619645__9a6b5b41-65b3-4525-a230-e3b689658a4c-16761115053fe2c585-2"],"settings":{"section_height":"medium"}},"13a2bf23-1f88-4f62-ab4f-c9106a0bee4c":{"type":"divider","settings":{"divider_option":"space","heading_divider":"full","divider_thick":1,"space_two_element":"10"}},"964b0899-c93f-4db3-99f8-7bfff96e9e36":{"type":"section-header","settings":{"section_header":"<p>[ <strong>Features<\/strong> & <strong>Benefits <\/strong>Section Title ]<\/p>"}},"bc101b17-26cc-4669-aaad-549df841d67d":{"type":"offer-benefits","blocks":{"template--15148919619645__bc101b17-26cc-4669-aaad-549df841d67d-1676191039aef6a06a-0":{"type":"text","settings":{"text":"<p><strong>[ BENEFIT OR FEATURE HEADER ]<\/strong><br><\/p><p>[This is the page copy for a feature or benefit for the offer\/product you are selling. Replace this text with your actual feature or benefit. This text is acompanied with an image either to the left or the right which can be chosen from the menu on the right.]<\/p>","width":"66%","alignment":"center","align_text":"left"}},"template--15148919619645__bc101b17-26cc-4669-aaad-549df841d67d-1676191039aef6a06a-1":{"type":"image","settings":{"width":"33%","height_per":"100","img_align":"center"}},"template--15148919619645__bc101b17-26cc-4669-aaad-549df841d67d-1676191039aef6a06a-2":{"type":"image","settings":{"width":"33%","height_per":"100","img_align":"center"}},"template--15148919619645__bc101b17-26cc-4669-aaad-549df841d67d-1676191039aef6a06a-3":{"type":"text","settings":{"text":"<p><strong>[ BENEFIT OR FEATURE HEADER ]<\/strong><br><\/p><p>[This is the page copy for a feature or benefit for the offer\/product you are selling. Replace this text with your actual feature or benefit. This text is acompanied with an image either to the left or the right which can be chosen from the menu on the right.]<\/p>","width":"66%","alignment":"center","align_text":"left"}},"template--15148919619645__bc101b17-26cc-4669-aaad-549df841d67d-1676191039aef6a06a-4":{"type":"text","settings":{"text":"<p><strong>[ BENEFIT OR FEATURE HEADER ]<\/strong><br><\/p><p>[This is the page copy for a feature or benefit for the offer\/product you are selling. Replace this text with your actual feature or benefit. This text is acompanied with an image either to the left or the right which can be chosen from the menu on the right.]<\/p>","width":"66%","alignment":"center","align_text":"left"}},"template--15148919619645__bc101b17-26cc-4669-aaad-549df841d67d-1676191039aef6a06a-5":{"type":"image","settings":{"width":"33%","height_per":"100","img_align":"center"}}},"block_order":["template--15148919619645__bc101b17-26cc-4669-aaad-549df841d67d-1676191039aef6a06a-0","template--15148919619645__bc101b17-26cc-4669-aaad-549df841d67d-1676191039aef6a06a-1","template--15148919619645__bc101b17-26cc-4669-aaad-549df841d67d-1676191039aef6a06a-2","template--15148919619645__bc101b17-26cc-4669-aaad-549df841d67d-1676191039aef6a06a-3","template--15148919619645__bc101b17-26cc-4669-aaad-549df841d67d-1676191039aef6a06a-4","template--15148919619645__bc101b17-26cc-4669-aaad-549df841d67d-1676191039aef6a06a-5"],"settings":{"content_over":true,"enable_parallax":false}},"748babfd-db0e-4eb2-98ee-0332a4de6200":{"type":"section-header","settings":{"section_header":"<p>[ <strong>Customer Reviews<\/strong> Section Title ]<\/p>"}},"1676195680e771ab7f":{"type":"apps","blocks":{"c9deba0a-d162-497d-9528-ff17e0e2ff31":{"type":"shopify:\/\/apps\/loox-product-reviews-photos\/blocks\/loox-dynamic-section\/5c3b337f-fd14-4df5-b1d6-80ec13e6e28e","settings":{"only_photos":false,"aggregated":false,"limit":12,"hide_thumbnails":false,"maxwidth":1080}}},"block_order":["c9deba0a-d162-497d-9528-ff17e0e2ff31"],"settings":{}},"b59c1c4f-cf1b-4ff8-af6f-b12049696abc":{"type":"image-bar","blocks":{"template--15146532864061__b59c1c4f-cf1b-4ff8-af6f-b12049696abc-1675792623ce8e4fab-0":{"type":"image","settings":{"alignment":"center","link":"","cta_label":""}},"template--15146532864061__b59c1c4f-cf1b-4ff8-af6f-b12049696abc-1675792623ce8e4fab-1":{"type":"image","settings":{"alignment":"center","link":"","cta_label":""}},"template--15146532864061__b59c1c4f-cf1b-4ff8-af6f-b12049696abc-1675792623ce8e4fab-2":{"type":"image","settings":{"alignment":"center","link":"","cta_label":""}}},"block_order":["template--15146532864061__b59c1c4f-cf1b-4ff8-af6f-b12049696abc-1675792623ce8e4fab-0","template--15146532864061__b59c1c4f-cf1b-4ff8-af6f-b12049696abc-1675792623ce8e4fab-1","template--15146532864061__b59c1c4f-cf1b-4ff8-af6f-b12049696abc-1675792623ce8e4fab-2"],"settings":{"section_height":"medium"}},"1f5415a7-65f9-45be-b997-1f43298b36c3":{"type":"divider","settings":{"divider_option":"space","heading_divider":"full","divider_thick":1,"space_two_element":"45"}},"7ea9c67c-8312-4882-afcf-1d29aa9ee36a":{"type":"offer","blocks":{"template--15148919619645__7ea9c67c-8312-4882-afcf-1d29aa9ee36a-167612339556cc83c4-0":{"type":"sales_point","settings":{"text":"[Offer Feature or Benefit]"}},"template--15148919619645__7ea9c67c-8312-4882-afcf-1d29aa9ee36a-167612339556cc83c4-1":{"type":"sales_point","settings":{"text":"[Offer Feature or Benefit]"}},"template--15148919619645__7ea9c67c-8312-4882-afcf-1d29aa9ee36a-167612339556cc83c4-2":{"type":"sales_point","settings":{"text":"[Offer Feature or Benefit]"}},"template--15148919619645__7ea9c67c-8312-4882-afcf-1d29aa9ee36a-167612339556cc83c4-3":{"type":"sales_point","settings":{"text":"[Offer Feature or Benefit]"}},"template--15148919619645__7ea9c67c-8312-4882-afcf-1d29aa9ee36a-167612339556cc83c4-4":{"type":"sales_point","settings":{"text":"[Offer Feature or Benefit]"}}},"block_order":["template--15148919619645__7ea9c67c-8312-4882-afcf-1d29aa9ee36a-167612339556cc83c4-0","template--15148919619645__7ea9c67c-8312-4882-afcf-1d29aa9ee36a-167612339556cc83c4-1","template--15148919619645__7ea9c67c-8312-4882-afcf-1d29aa9ee36a-167612339556cc83c4-2","template--15148919619645__7ea9c67c-8312-4882-afcf-1d29aa9ee36a-167612339556cc83c4-3","template--15148919619645__7ea9c67c-8312-4882-afcf-1d29aa9ee36a-167612339556cc83c4-4"],"settings":{"image":"shopify:\/\/shop_images\/placeholder2222.png","layout2":"left","title":"[Offer List Heading]","button_label":"Get This Offer","button_action":"Add to Cart","sub_button_text":"*Offer Expires When the Timer Hits Zero","show_timer":true}},"d695a477-50e5-4481-ad8e-5b5f8f87ddbe":{"type":"divider","settings":{"divider_option":"space","heading_divider":"full","divider_thick":1,"space_two_element":"20"}}},"order":["main","x6d6c9ab-8060-42d1-ab55-057d782716ca","c034e55f-4bc3-4190-87b8-53bf4834dbb6","59c8e0dc-3d2c-4edc-85d6-dde3457c8cff","e712a03c-99be-4f90-8b7c-493a834215db","93eb4302-3160-447f-8a5e-63f552e7be67","9a6b5b41-65b3-4525-a230-e3b689658a4c","13a2bf23-1f88-4f62-ab4f-c9106a0bee4c","964b0899-c93f-4db3-99f8-7bfff96e9e36","bc101b17-26cc-4669-aaad-549df841d67d","748babfd-db0e-4eb2-98ee-0332a4de6200","1676195680e771ab7f","b59c1c4f-cf1b-4ff8-af6f-b12049696abc","1f5415a7-65f9-45be-b997-1f43298b36c3","7ea9c67c-8312-4882-afcf-1d29aa9ee36a","d695a477-50e5-4481-ad8e-5b5f8f87ddbe"]}